-- phpMyAdmin SQL Dump
-- version 5.2.0
-- https://www.phpmyadmin.net/
--
-- Host: 127.0.0.1
-- Waktu pembuatan: 03 Bulan Mei 2024 pada 05.06
-- Versi server: 10.4.27-MariaDB
-- Versi PHP: 8.2.0

SET SQL_MODE = "NO_AUTO_VALUE_ON_ZERO";
START TRANSACTION;
SET time_zone = "+00:00";


/*!40101 SET @OLD_CHARACTER_SET_CLIENT=@@CHARACTER_SET_CLIENT */;
/*!40101 SET @OLD_CHARACTER_SET_RESULTS=@@CHARACTER_SET_RESULTS */;
/*!40101 SET @OLD_COLLATION_CONNECTION=@@COLLATION_CONNECTION */;
/*!40101 SET NAMES utf8mb4 */;

--
-- Database: `essay-scoring`
--

-- --------------------------------------------------------

--
-- Struktur dari tabel `hasil_algoritma`
--

CREATE TABLE `hasil_algoritma` (
  `id_hasil` int(11) NOT NULL,
  `kd_jawaban` varchar(8) NOT NULL,
  `pre_processing_jawaban` text NOT NULL,
  `pre_processing_kj` text NOT NULL,
  `tokenisasi_jawaban` text NOT NULL,
  `tokenisasi_kj` text NOT NULL,
  `hashing_jawaban` text NOT NULL,
  `hashing_kj` text NOT NULL,
  `winnowing_jawaban` text NOT NULL,
  `winnowing_kj` text NOT NULL,
  `similarity` text NOT NULL,
  `skor` text NOT NULL
) ENGINE=InnoDB DEFAULT CHARSET=utf8mb4 COLLATE=utf8mb4_general_ci;

--
-- Dumping data untuk tabel `hasil_algoritma`
--

INSERT INTO `hasil_algoritma` (`id_hasil`, `kd_jawaban`, `pre_processing_jawaban`, `pre_processing_kj`, `tokenisasi_jawaban`, `tokenisasi_kj`, `hashing_jawaban`, `hashing_kj`, `winnowing_jawaban`, `winnowing_kj`, `similarity`, `skor`) VALUES
(11, 'BINDO83', '\"pengalaman selama revolusi buku ini sangat menarik dalam buku ini antara satu peristiwa dengan peristiwa lainnya mempunyai ketertarikan sehingga mampu menarik pembaca dari isinya buku ini memiliki cerita sangat unik dan menarik sehingga layak untuk di baca untuk bahasa dari buku ini dilihat dari segi bahasa yang digunakan pengarang sederhana tapi memikat kalimatnya pun disusun dalam paragraf sehingga mudah dipahami\"', '\"buku yang bertemakan pengalamanpengalaman selama revolusi ini sangat menarikdalam buku ini antara satu perisiwa dengan peristiwa lainnya terdapat keterkaitan sehingga mampu menarik pembacaisi dari buku ini mempunyai cerita yang sangat unikmenarik sehingga layak untuk dibacadilihat dari segi bahasa yang digunakan pengarang sederhanaakan tetapi memikat kalimatkalimat dalam paragraf disusun secara runtut sehingga mudah dipahami\"', '[\"pen\",\"eng\",\"nga\",\"gal\",\"ala\",\"lam\",\"ama\",\"man\",\"ans\",\"nse\",\"sel\",\"ela\",\"lam\",\"ama\",\"mar\",\"are\",\"rev\",\"evo\",\"vol\",\"olu\",\"lus\",\"usi\",\"sib\",\"ibu\",\"buk\",\"uku\",\"kui\",\"uin\",\"ini\",\"nis\",\"isa\",\"san\",\"ang\",\"nga\",\"gat\",\"atm\",\"tme\",\"men\",\"ena\",\"nar\",\"ari\",\"rik\",\"ikd\",\"kda\",\"dal\",\"ala\",\"lam\",\"amb\",\"mbu\",\"buk\",\"uku\",\"kui\",\"uin\",\"ini\",\"nia\",\"ian\",\"ant\",\"nta\",\"tar\",\"ara\",\"ras\",\"asa\",\"sat\",\"atu\",\"tup\",\"upe\",\"per\",\"eri\",\"ris\",\"ist\",\"sti\",\"tiw\",\"iwa\",\"wad\",\"ade\",\"den\",\"eng\",\"nga\",\"gan\",\"anp\",\"npe\",\"per\",\"eri\",\"ris\",\"ist\",\"sti\",\"tiw\",\"iwa\",\"wal\",\"ala\",\"lai\",\"ain\",\"inn\",\"nny\",\"nya\",\"yam\",\"ame\",\"mem\",\"emp\",\"mpu\",\"pun\",\"uny\",\"nya\",\"yai\",\"aik\",\"ike\",\"ket\",\"ete\",\"ter\",\"ert\",\"rta\",\"tar\",\"ari\",\"rik\",\"ika\",\"kan\",\"ans\",\"nse\",\"seh\",\"ehi\",\"hin\",\"ing\",\"ngg\",\"gga\",\"gam\",\"ama\",\"mam\",\"amp\",\"mpu\",\"pum\",\"ume\",\"men\",\"ena\",\"nar\",\"ari\",\"rik\",\"ikp\",\"kpe\",\"pem\",\"emb\",\"mba\",\"bac\",\"aca\",\"cad\",\"ada\",\"dar\",\"ari\",\"rii\",\"iis\",\"isi\",\"sin\",\"iny\",\"nya\",\"yab\",\"abu\",\"buk\",\"uku\",\"kui\",\"uin\",\"ini\",\"nim\",\"ime\",\"mem\",\"emi\",\"mil\",\"ili\",\"lik\",\"iki\",\"kic\",\"ice\",\"cer\",\"eri\",\"rit\",\"ita\",\"tas\",\"asa\",\"san\",\"ang\",\"nga\",\"gat\",\"atu\",\"tun\",\"uni\",\"nik\",\"ikd\",\"kda\",\"dan\",\"anm\",\"nme\",\"men\",\"ena\",\"nar\",\"ari\",\"rik\",\"iks\",\"kse\",\"seh\",\"ehi\",\"hin\",\"ing\",\"ngg\",\"gga\",\"gal\",\"ala\",\"lay\",\"aya\",\"yak\",\"aku\",\"kun\",\"unt\",\"ntu\",\"tuk\",\"ukd\",\"kdi\",\"dib\",\"iba\",\"bac\",\"aca\",\"cau\",\"aun\",\"unt\",\"ntu\",\"tuk\",\"ukb\",\"kba\",\"bah\",\"aha\",\"has\",\"asa\",\"sad\",\"ada\",\"dar\",\"ari\",\"rib\",\"ibu\",\"buk\",\"uku\",\"kui\",\"uin\",\"ini\",\"nid\",\"idi\",\"dil\",\"ili\",\"lih\",\"iha\",\"hat\",\"atd\",\"tda\",\"dar\",\"ari\",\"ris\",\"ise\",\"seg\",\"egi\",\"gib\",\"iba\",\"bah\",\"aha\",\"has\",\"asa\",\"say\",\"aya\",\"yan\",\"ang\",\"ngd\",\"gdi\",\"dig\",\"igu\",\"gun\",\"una\",\"nak\",\"aka\",\"kan\",\"anp\",\"npe\",\"pen\",\"eng\",\"nga\",\"gar\",\"ara\",\"ran\",\"ang\",\"ngs\",\"gse\",\"sed\",\"ede\",\"der\",\"erh\",\"rha\",\"han\",\"ana\",\"nat\",\"ata\",\"tap\",\"api\",\"pim\",\"ime\",\"mem\",\"emi\",\"mik\",\"ika\",\"kat\",\"atk\",\"tka\",\"kal\",\"ali\",\"lim\",\"ima\",\"mat\",\"atn\",\"tny\",\"nya\",\"yap\",\"apu\",\"pun\",\"und\",\"ndi\",\"dis\",\"isu\",\"sus\",\"usu\",\"sun\",\"und\",\"nda\",\"dal\",\"ala\",\"lam\",\"amp\",\"mpa\",\"par\",\"ara\",\"rag\",\"agr\",\"gra\",\"raf\",\"afs\",\"fse\",\"seh\",\"ehi\",\"hin\",\"ing\",\"ngg\",\"gga\",\"gam\",\"amu\",\"mud\",\"uda\",\"dah\",\"ahd\",\"hdi\",\"dip\",\"ipa\",\"pah\",\"aha\",\"ham\",\"ami\"]', '[\"buk\",\"uku\",\"kuy\",\"uya\",\"yan\",\"ang\",\"ngb\",\"gbe\",\"ber\",\"ert\",\"rte\",\"tem\",\"ema\",\"mak\",\"aka\",\"kan\",\"anp\",\"npe\",\"pen\",\"eng\",\"nga\",\"gal\",\"ala\",\"lam\",\"ama\",\"man\",\"anp\",\"npe\",\"pen\",\"eng\",\"nga\",\"gal\",\"ala\",\"lam\",\"ama\",\"man\",\"ans\",\"nse\",\"sel\",\"ela\",\"lam\",\"ama\",\"mar\",\"are\",\"rev\",\"evo\",\"vol\",\"olu\",\"lus\",\"usi\",\"sii\",\"iin\",\"ini\",\"nis\",\"isa\",\"san\",\"ang\",\"nga\",\"gat\",\"atm\",\"tme\",\"men\",\"ena\",\"nar\",\"ari\",\"rik\",\"ikd\",\"kda\",\"dal\",\"ala\",\"lam\",\"amb\",\"mbu\",\"buk\",\"uku\",\"kui\",\"uin\",\"ini\",\"nia\",\"ian\",\"ant\",\"nta\",\"tar\",\"ara\",\"ras\",\"asa\",\"sat\",\"atu\",\"tup\",\"upe\",\"per\",\"eri\",\"ris\",\"isi\",\"siw\",\"iwa\",\"wad\",\"ade\",\"den\",\"eng\",\"nga\",\"gan\",\"anp\",\"npe\",\"per\",\"eri\",\"ris\",\"ist\",\"sti\",\"tiw\",\"iwa\",\"wal\",\"ala\",\"lai\",\"ain\",\"inn\",\"nny\",\"nya\",\"yat\",\"ate\",\"ter\",\"erd\",\"rda\",\"dap\",\"apa\",\"pat\",\"atk\",\"tke\",\"ket\",\"ete\",\"ter\",\"erk\",\"rka\",\"kai\",\"ait\",\"ita\",\"tan\",\"ans\",\"nse\",\"seh\",\"ehi\",\"hin\",\"ing\",\"ngg\",\"gga\",\"gam\",\"ama\",\"mam\",\"amp\",\"mpu\",\"pum\",\"ume\",\"men\",\"ena\",\"nar\",\"ari\",\"rik\",\"ikp\",\"kpe\",\"pem\",\"emb\",\"mba\",\"bac\",\"aca\",\"cai\",\"ais\",\"isi\",\"sid\",\"ida\",\"dar\",\"ari\",\"rib\",\"ibu\",\"buk\",\"uku\",\"kui\",\"uin\",\"ini\",\"nim\",\"ime\",\"mem\",\"emp\",\"mpu\",\"pun\",\"uny\",\"nya\",\"yai\",\"aic\",\"ice\",\"cer\",\"eri\",\"rit\",\"ita\",\"tay\",\"aya\",\"yan\",\"ang\",\"ngs\",\"gsa\",\"san\",\"ang\",\"nga\",\"gat\",\"atu\",\"tun\",\"uni\",\"nik\",\"ikm\",\"kme\",\"men\",\"ena\",\"nar\",\"ari\",\"rik\",\"iks\",\"kse\",\"seh\",\"ehi\",\"hin\",\"ing\",\"ngg\",\"gga\",\"gal\",\"ala\",\"lay\",\"aya\",\"yak\",\"aku\",\"kun\",\"unt\",\"ntu\",\"tuk\",\"ukd\",\"kdi\",\"dib\",\"iba\",\"bac\",\"aca\",\"cad\",\"adi\",\"dil\",\"ili\",\"lih\",\"iha\",\"hat\",\"atd\",\"tda\",\"dar\",\"ari\",\"ris\",\"ise\",\"seg\",\"egi\",\"gib\",\"iba\",\"bah\",\"aha\",\"has\",\"asa\",\"say\",\"aya\",\"yan\",\"ang\",\"ngd\",\"gdi\",\"dig\",\"igu\",\"gun\",\"una\",\"nak\",\"aka\",\"kan\",\"anp\",\"npe\",\"pen\",\"eng\",\"nga\",\"gar\",\"ara\",\"ran\",\"ang\",\"ngs\",\"gse\",\"sed\",\"ede\",\"der\",\"erh\",\"rha\",\"han\",\"ana\",\"naa\",\"aak\",\"aka\",\"kan\",\"ant\",\"nte\",\"tet\",\"eta\",\"tap\",\"api\",\"pim\",\"ime\",\"mem\",\"emi\",\"mik\",\"ika\",\"kat\",\"atk\",\"tka\",\"kal\",\"ali\",\"lim\",\"ima\",\"mat\",\"atk\",\"tka\",\"kal\",\"ali\",\"lim\",\"ima\",\"mat\",\"atd\",\"tda\",\"dal\",\"ala\",\"lam\",\"amp\",\"mpa\",\"par\",\"ara\",\"rag\",\"agr\",\"gra\",\"raf\",\"afd\",\"fdi\",\"dis\",\"isu\",\"sus\",\"usu\",\"sun\",\"uns\",\"nse\",\"sec\",\"eca\",\"car\",\"ara\",\"rar\",\"aru\",\"run\",\"unt\",\"ntu\",\"tut\",\"uts\",\"tse\",\"seh\",\"ehi\",\"hin\",\"ing\",\"ngg\",\"gga\",\"gam\",\"amu\",\"mud\",\"uda\",\"dah\",\"ahd\",\"hdi\",\"dip\",\"ipa\",\"pah\",\"aha\",\"ham\",\"ami\"]', '[2039751,1852311,2005618,1878805,1780511,1966711,1781188,1984331,1782323,2013834,2092421,1850815,1966711,1781192,1984421,1784680,2075119,1857938,2151929,2027101,1980395,2136960,2094885,1914877,1804439,2131871,1962564,2130337,1922685,2007427,1925852,2089775,1782007,2005626,1879025,1786223,2115236,1987017,1852172,2002001,1784773,2077526,1920509,1950862,1826077,1780511,1966712,1781221,1985181,1804439,2131871,1962564,2130337,1922667,2006972,1914028,1782345,2014412,2107449,1784573,2072323,1785250,2089945,1786442,2120921,2134844,2039857,1855085,2077750,1926341,2102505,2112987,1928546,2159817,1775208,1828839,1852311,2005620,1878872,1782245,2011812,2039857,1855085,2077750,1926341,2102505,2112987,1928554,2160021,1780507,1966620,1778822,1922821,2010963,2017787,2195203,1781291,1987006,1851889,1994648,2050585,2133995,2017783,2195105,1778735,1920554,1952025,1856332,2110172,1855353,2084716,2107457,1784773,2077523,1920444,1949179,1782323,2013830,2092325,1848320,1901847,1922621,2005763,1882587,1878831,1781187,1984302,1781585,1994647,2050539,2132812,1987017,1852172,2002001,1784773,2077538,1920825,1959079,2039720,1851505,1984653,1790691,1774418,1808293,1775108,1826241,1784771,2077489,1919555,1926060,2095201,1923083,2017776,2194933,1774269,1804439,2131871,1962564,2130337,1922679,2007275,1921899,1986999,1851698,1989677,1921325,1972075,1920641,1954287,1915144,1811369,1855086,2077757,1926533,2107475,1785244,2089775,1782007,2005626,1879033,1786440,2120873,2133589,2007222,1920509,1950864,1826141,1782167,2009780,1987017,1852172,2002001,1784773,2077541,1920903,1961102,2092325,1848320,1901847,1922621,2005763,1882586,1878805,1780523,1967023,1789297,2195167,1780356,1962700,2133885,2014925,2120790,2131429,1951060,1831225,1914349,1790691,1774435,1808748,1786940,2133885,2014925,2120788,2131369,1949506,1790821,1777813,1896563,1785234,2089509,1775108,1826241,1784764,2077309,1914877,1804439,2131871,1962564,2130337,1922670,2007045,1915918,1831493,1921322,1971989,1918422,1896592,1785985,2109052,1826241,1784781,2077735,1925949,2092299,1847632,1883953,1914354,1790821,1777813,1896563,1785255,2090055,1789300,2195231,1782010,2005693,1880761,1831375,1918260,1892377,2133381,2001811,1779836,1949176,1782245,2011808,2039751,1852311,2005624,1878961,1784568,2072199,1782025,2006079,1890794,2092217,1845516,1828944,1855041,2076600,1896433,1781870,2002045,1785922,2107405,1783423,2042427,1921899,1986999,1851697,1989643,1920450,1949327,1786167,2113778,1949117,1780719,1972119,1921802,1984482,1786269,2116419,2017790,2195297,1783736,2050564,2133457,2003805,1831687,1926377,2103439,2137284,2103292,2133449,2003590,1826077,1780511,1966726,1781565,1994132,2037145,1784561,2072028,1777561,1890016,2072003,1776915,1873222,2092325,1848320,1901847,1922621,2005763,1882587,1878851,1781698,1997573,2126618,1825976,1777881,1898346,1831589,1923818,2036885]', '[1804439,2131887,1962967,2140820,2195231,1782008,2005637,1879316,1793804,1855357,2084815,2110023,1851489,1984235,1779836,1949176,1782245,2011808,2039751,1852311,2005618,1878805,1780511,1966711,1781188,1984328,1782245,2011808,2039751,1852311,2005618,1878805,1780511,1966711,1781188,1984331,1782323,2013834,2092421,1850815,1966711,1781192,1984421,1784680,2075119,1857938,2151929,2027101,1980395,2136967,2095060,1919425,1922685,2007427,1925852,2089775,1782007,2005626,1879025,1786223,2115236,1987017,1852172,2002001,1784773,2077526,1920509,1950862,1826077,1780511,1966712,1781221,1985181,1804439,2131871,1962564,2130337,1922667,2006972,1914028,1782345,2014412,2107449,1784573,2072323,1785250,2089945,1786442,2120921,2134844,2039857,1855085,2077739,1926069,2095411,1928546,2159817,1775208,1828839,1852311,2005620,1878872,1782245,2011812,2039857,1855085,2077750,1926341,2102505,2112987,1928554,2160021,1780507,1966620,1778822,1922821,2010963,2017794,2195385,1786028,2110156,1854937,2073898,1826181,1783222,2037207,1786171,2113890,1952025,1856332,2110163,1855119,2078623,1949050,1778965,1926528,2107363,1782323,2013830,2092325,1848320,1901847,1922621,2005763,1882587,1878831,1781187,1984302,1781585,1994647,2050539,2132812,1987017,1852172,2002001,1784773,2077538,1920825,1959079,2039720,1851505,1984653,1790691,1774423,1808441,1778947,1926050,2094917,1915716,1826241,1784764,2077309,1914877,1804439,2131871,1962564,2130337,1922679,2007275,1921899,1987006,1851889,1994648,2050585,2133995,2017783,2195097,1778527,1915144,1811369,1855086,2077757,1926539,2107631,1789300,2195231,1782025,2006075,1890700,2089775,1782007,2005626,1879033,1786440,2120873,2133589,2007231,1920747,1957052,1987017,1852172,2002001,1784773,2077541,1920903,1961102,2092325,1848320,1901847,1922621,2005763,1882586,1878805,1780523,1967023,1789297,2195167,1780356,1962700,2133885,2014925,2120790,2131429,1951060,1831225,1914349,1790691,1774418,1808301,1775310,1831493,1921322,1971989,1918422,1896592,1785985,2109052,1826241,1784781,2077735,1925949,2092299,1847632,1883953,1914354,1790821,1777813,1896563,1785255,2090055,1789300,2195231,1782010,2005693,1880761,1831375,1918260,1892377,2133381,2001811,1779836,1949176,1782245,2011808,2039751,1852311,2005624,1878961,1784568,2072199,1782025,2006079,1890794,2092217,1845516,1828944,1855041,2076600,1896433,1781851,2001561,1773323,1779836,1949180,1782349,2014518,2110205,1856226,2107405,1783423,2042427,1921899,1986999,1851697,1989643,1920450,1949327,1786167,2113778,1949117,1780719,1972119,1921802,1984479,1786167,2113778,1949117,1780719,1972119,1921802,1984472,1785985,2109046,1826077,1780511,1966726,1781565,1994132,2037145,1784561,2072028,1777561,1890016,2071988,1776529,1863197,1831687,1926377,2103439,2137284,2103307,2133843,2013825,2092187,1844736,1808657,1784572,2072317,1785088,2085732,2133885,2014934,2121039,2137899,2119286,2092325,1848320,1901847,1922621,2005763,1882587,1878851,1781698,1997573,2126618,1825976,1777881,1898346,1831589,1923818,2036885]', '[1780511,1780511,1780511,1780511,1780511,1781188,1781188,1782323,1782323,1781192,1781192,1781192,1781192,1781192,1784680,1784680,1857938,1857938,1980395,1914877,1804439,1804439,1804439,1804439,1804439,1922685,1922685,1922685,1782007,1782007,1782007,1782007,1782007,1786223,1786223,1786223,1784773,1784773,1784773,1784773,1784773,1780511,1780511,1780511,1780511,1780511,1781221,1781221,1804439,1804439,1922667,1914028,1782345,1782345,1782345,1782345,1782345,1784573,1784573,1784573,1785250,1785250,1786442,1786442,1855085,1855085,1855085,1855085,1926341,1926341,1775208,1775208,1775208,1775208,1775208,1782245,1782245,1782245,1782245,1782245,1855085,1855085,1855085,1926341,1926341,1780507,1780507,1778822,1778822,1778822,1778822,1778822,1781291,1781291,1781291,1781291,1781291,1851889,1851889,1994648,1778735,1778735,1778735,1778735,1778735,1855353,1855353,1855353,1784773,1784773,1784773,1784773,1782323,1782323,1782323,1782323,1782323,1848320,1848320,1848320,1878831,1781187,1781187,1781187,1781187,1781187,1781585,1781585,1852172,1852172,1784773,1784773,1784773,1784773,1784773,1851505,1851505,1790691,1774418,1774418,1774418,1774418,1774418,1775108,1775108,1784771,1784771,1919555,1919555,1923083,1774269,1774269,1774269,1774269,1774269,1804439,1922679,1921899,1921899,1851698,1851698,1851698,1851698,1851698,1920641,1915144,1811369,1811369,1811369,1811369,1811369,1785244,1785244,1782007,1782007,1782007,1782007,1782007,1786440,1786440,1786440,1920509,1826141,1782167,1782167,1782167,1782167,1782167,1784773,1784773,1784773,1784773,1784773,1848320,1848320,1848320,1848320,1848320,1878805,1780523,1780523,1780523,1780523,1780356,1780356,1780356,1780356,1780356,1962700,1951060,1831225,1831225,1790691,1774435,1774435,1774435,1774435,1774435,1786940,1786940,1949506,1790821,1777813,1777813,1777813,1777813,1775108,1775108,1775108,1775108,1775108,1784764,1784764,1804439,1804439,1804439,1922670,1915918,1831493,1831493,1831493,1831493,1831493,1785985,1785985,1785985,1784781,1784781,1784781,1784781,1784781,1847632,1847632,1790821,1777813,1777813,1777813,1777813,1777813,1785255,1782010,1782010,1782010,1782010,1782010,1831375,1831375,1831375,1779836,1779836,1779836,1779836,1779836,1782245,1782245,1852311,1784568,1784568,1782025,1782025,1782025,1782025,1782025,1828944,1828944,1828944,1828944,1781870,1781870,1781870,1781870,1781870,1783423,1783423,1783423,1783423,1851697,1851697,1851697,1786167,1786167,1786167,1780719,1780719,1780719,1780719,1780719,1786269,1786269,1786269,1783736,1783736,1783736,1783736,1783736,1831687,1831687,1831687,1831687,1926377,2003590,1826077,1780511,1780511,1780511,1780511,1780511,1781565,1781565,1777561,1777561,1777561,1776915,1776915,1776915,1776915,1776915,1848320,1848320,1848320,1878851,1781698,1781698,1781698,1781698,1777881,1777881,1777881,1777881]', '[1804439,1782008,1782008,1782008,1782008,1782008,1793804,1793804,1793804,1851489,1779836,1779836,1779836,1779836,1779836,1782245,1782245,1852311,1780511,1780511,1780511,1780511,1780511,1781188,1781188,1782245,1782245,1852311,1780511,1780511,1780511,1780511,1780511,1781188,1781188,1782323,1782323,1781192,1781192,1781192,1781192,1781192,1784680,1784680,1857938,1857938,1980395,1919425,1919425,1919425,1919425,1919425,1782007,1782007,1782007,1782007,1782007,1786223,1786223,1786223,1784773,1784773,1784773,1784773,1784773,1780511,1780511,1780511,1780511,1780511,1781221,1781221,1804439,1804439,1922667,1914028,1782345,1782345,1782345,1782345,1782345,1784573,1784573,1784573,1785250,1785250,1786442,1786442,1855085,1855085,1855085,1855085,1926069,1775208,1775208,1775208,1775208,1775208,1782245,1782245,1782245,1782245,1782245,1855085,1855085,1855085,1926341,1926341,1780507,1780507,1778822,1778822,1778822,1778822,1778822,1786028,1786028,1786028,1786028,1786028,1783222,1783222,1783222,1783222,1783222,1786171,1786171,1855119,1855119,1855119,1778965,1778965,1778965,1778965,1778965,1782323,1782323,1782323,1848320,1848320,1848320,1878831,1781187,1781187,1781187,1781187,1781187,1781585,1781585,1852172,1852172,1784773,1784773,1784773,1784773,1784773,1851505,1851505,1790691,1774423,1774423,1774423,1774423,1774423,1778947,1778947,1784764,1784764,1784764,1784764,1784764,1804439,1804439,1804439,1922679,1921899,1921899,1851889,1851889,1851889,1851889,1851889,1994648,1778527,1778527,1778527,1778527,1778527,1811369,1811369,1789300,1789300,1782025,1782025,1782025,1782025,1782007,1782007,1782007,1782007,1782007,1786440,1786440,1786440,1920747,1920747,1852172,1852172,1784773,1784773,1784773,1784773,1784773,1848320,1848320,1848320,1848320,1848320,1878805,1780523,1780523,1780523,1780523,1780356,1780356,1780356,1780356,1780356,1962700,1951060,1831225,1831225,1790691,1774418,1774418,1774418,1774418,1774418,1775310,1775310,1831493,1785985,1785985,1785985,1784781,1784781,1784781,1784781,1784781,1847632,1847632,1790821,1777813,1777813,1777813,1777813,1777813,1785255,1782010,1782010,1782010,1782010,1782010,1831375,1831375,1831375,1779836,1779836,1779836,1779836,1779836,1782245,1782245,1852311,1784568,1784568,1782025,1782025,1782025,1782025,1782025,1828944,1828944,1828944,1828944,1781851,1781851,1773323,1773323,1773323,1773323,1773323,1779836,1782349,1782349,1783423,1783423,1783423,1783423,1783423,1851697,1851697,1851697,1786167,1786167,1786167,1780719,1780719,1780719,1780719,1780719,1786167,1786167,1780719,1780719,1780719,1780719,1780719,1785985,1785985,1780511,1780511,1780511,1780511,1780511,1781565,1781565,1777561,1777561,1777561,1776529,1776529,1776529,1776529,1776529,1831687,1831687,1926377,2013825,2013825,1844736,1808657,1784572,1784572,1784572,1784572,1784572,1785088,1785088,2014934,2014934,2014934,1848320,1848320,1848320,1848320,1848320,1878851,1781698,1781698,1781698,1781698,1777881,1777881,1777881,1777881]', '0.97474286501281', '8'),
(15, 'BINDO82', '\"organisasi buku buku milik pengalamaan alam revolusi tarik buku peristiwa peristiwa kait tarik baca isi buku ini unik cerita jadi buku layak baca bahasa arang sederhana mikat kalimat kalimat paragraf susun rupa runtut mudah paham\"', '\"buku tema pengalamanpengalaman revolusi menarikdalam buku perisiwa peristiwa kait tarik pembacaisi buku cerita unikmenarik layak dibacadilihat segi bahasa arang sederhanaakan mikat kalimatkalimat paragraf susun runtut mudah paham\"', '[\"org\",\"rga\",\"gan\",\"ani\",\"nis\",\"isa\",\"sas\",\"asi\",\"sib\",\"ibu\",\"buk\",\"uku\",\"kub\",\"ubu\",\"buk\",\"uku\",\"kum\",\"umi\",\"mil\",\"ili\",\"lik\",\"ikp\",\"kpe\",\"pen\",\"eng\",\"nga\",\"gal\",\"ala\",\"lam\",\"ama\",\"maa\",\"aan\",\"ana\",\"nal\",\"ala\",\"lam\",\"amr\",\"mre\",\"rev\",\"evo\",\"vol\",\"olu\",\"lus\",\"usi\",\"sit\",\"ita\",\"tar\",\"ari\",\"rik\",\"ikb\",\"kbu\",\"buk\",\"uku\",\"kup\",\"upe\",\"per\",\"eri\",\"ris\",\"ist\",\"sti\",\"tiw\",\"iwa\",\"wap\",\"ape\",\"per\",\"eri\",\"ris\",\"ist\",\"sti\",\"tiw\",\"iwa\",\"wak\",\"aka\",\"kai\",\"ait\",\"itt\",\"tta\",\"tar\",\"ari\",\"rik\",\"ikb\",\"kba\",\"bac\",\"aca\",\"cai\",\"ais\",\"isi\",\"sib\",\"ibu\",\"buk\",\"uku\",\"kui\",\"uin\",\"ini\",\"niu\",\"iun\",\"uni\",\"nik\",\"ikc\",\"kce\",\"cer\",\"eri\",\"rit\",\"ita\",\"taj\",\"aja\",\"jad\",\"adi\",\"dib\",\"ibu\",\"buk\",\"uku\",\"kul\",\"ula\",\"lay\",\"aya\",\"yak\",\"akb\",\"kba\",\"bac\",\"aca\",\"cab\",\"aba\",\"bah\",\"aha\",\"has\",\"asa\",\"saa\",\"aar\",\"ara\",\"ran\",\"ang\",\"ngs\",\"gse\",\"sed\",\"ede\",\"der\",\"erh\",\"rha\",\"han\",\"ana\",\"nam\",\"ami\",\"mik\",\"ika\",\"kat\",\"atk\",\"tka\",\"kal\",\"ali\",\"lim\",\"ima\",\"mat\",\"atk\",\"tka\",\"kal\",\"ali\",\"lim\",\"ima\",\"mat\",\"atp\",\"tpa\",\"par\",\"ara\",\"rag\",\"agr\",\"gra\",\"raf\",\"afs\",\"fsu\",\"sus\",\"usu\",\"sun\",\"unr\",\"nru\",\"rup\",\"upa\",\"par\",\"aru\",\"run\",\"unt\",\"ntu\",\"tut\",\"utm\",\"tmu\",\"mud\",\"uda\",\"dah\",\"ahp\",\"hpa\",\"pah\",\"aha\",\"ham\"]', '[\"buk\",\"uku\",\"kut\",\"ute\",\"tem\",\"ema\",\"map\",\"ape\",\"pen\",\"eng\",\"nga\",\"gal\",\"ala\",\"lam\",\"ama\",\"man\",\"anp\",\"npe\",\"pen\",\"eng\",\"nga\",\"gal\",\"ala\",\"lam\",\"ama\",\"man\",\"anr\",\"nre\",\"rev\",\"evo\",\"vol\",\"olu\",\"lus\",\"usi\",\"sim\",\"ime\",\"men\",\"ena\",\"nar\",\"ari\",\"rik\",\"ikd\",\"kda\",\"dal\",\"ala\",\"lam\",\"amb\",\"mbu\",\"buk\",\"uku\",\"kup\",\"upe\",\"per\",\"eri\",\"ris\",\"isi\",\"siw\",\"iwa\",\"wap\",\"ape\",\"per\",\"eri\",\"ris\",\"ist\",\"sti\",\"tiw\",\"iwa\",\"wak\",\"aka\",\"kai\",\"ait\",\"itt\",\"tta\",\"tar\",\"ari\",\"rik\",\"ikp\",\"kpe\",\"pem\",\"emb\",\"mba\",\"bac\",\"aca\",\"cai\",\"ais\",\"isi\",\"sib\",\"ibu\",\"buk\",\"uku\",\"kuc\",\"uce\",\"cer\",\"eri\",\"rit\",\"ita\",\"tau\",\"aun\",\"uni\",\"nik\",\"ikm\",\"kme\",\"men\",\"ena\",\"nar\",\"ari\",\"rik\",\"ikl\",\"kla\",\"lay\",\"aya\",\"yak\",\"akd\",\"kdi\",\"dib\",\"iba\",\"bac\",\"aca\",\"cad\",\"adi\",\"dil\",\"ili\",\"lih\",\"iha\",\"hat\",\"ats\",\"tse\",\"seg\",\"egi\",\"gib\",\"iba\",\"bah\",\"aha\",\"has\",\"asa\",\"saa\",\"aar\",\"ara\",\"ran\",\"ang\",\"ngs\",\"gse\",\"sed\",\"ede\",\"der\",\"erh\",\"rha\",\"han\",\"ana\",\"naa\",\"aak\",\"aka\",\"kan\",\"anm\",\"nmi\",\"mik\",\"ika\",\"kat\",\"atk\",\"tka\",\"kal\",\"ali\",\"lim\",\"ima\",\"mat\",\"atk\",\"tka\",\"kal\",\"ali\",\"lim\",\"ima\",\"mat\",\"atp\",\"tpa\",\"par\",\"ara\",\"rag\",\"agr\",\"gra\",\"raf\",\"afs\",\"fsu\",\"sus\",\"usu\",\"sun\",\"unr\",\"nru\",\"run\",\"unt\",\"ntu\",\"tut\",\"utm\",\"tmu\",\"mud\",\"uda\",\"dah\",\"ahp\",\"hpa\",\"pah\",\"aha\",\"ham\"]', '[2030775,2075924,1878865,1782077,2007427,1925857,2089907,1785440,2094885,1914877,1804439,2131864,1962389,2125789,1804439,2131875,1962663,2132914,1989677,1921325,1972082,1920825,1959080,2039751,1852311,2005618,1878805,1780511,1966711,1781175,1983988,1773401,1781862,2001837,1780511,1966728,1781621,1995592,2075119,1857938,2151929,2027101,1980395,2136978,2095333,1926532,2107457,1784773,2077524,1920477,1950029,1804439,2131878,1962737,2134844,2039857,1855085,2077750,1926341,2102505,2112987,1928558,2160129,1783324,2039857,1855085,2077750,1926341,2102505,2112987,1928553,2159995,1779831,1949050,1778984,1927009,2119868,2107457,1784773,2077524,1920457,1949501,1790691,1774423,1808441,1778947,1926048,2094885,1914877,1804439,2131871,1962564,2130337,1922687,2007492,1927537,2133589,2007221,1920487,1950296,1811369,1855086,2077757,1926524,2107241,1779150,1931333,1775300,1831245,1914877,1804439,2131874,1962629,2132043,1967023,1789297,2195148,1779849,1949501,1790691,1774416,1808241,1773746,1790821,1777813,1896563,1785231,2089448,1773505,1784568,2072199,1782025,2006079,1890794,2092217,1845516,1828944,1855041,2076600,1896433,1781863,2001871,1781393,1989643,1920450,1949327,1786167,2113778,1949117,1780719,1972119,1921802,1984479,1786167,2113778,1949117,1780719,1972119,1921802,1984484,1786297,2117164,2037145,1784561,2072028,1777561,1890016,2072003,1776931,1873649,2103439,2137284,2103306,2133833,2013578,2085765,2134740,2037165,1785088,2085732,2133885,2014934,2121033,2137759,2115642,1997573,2126618,1825988,1778185,1906242]', '[1804439,2131882,1962841,2137543,2110023,1851494,1984369,1783320,2039751,1852311,2005618,1878805,1780511,1966711,1781188,1984328,1782245,2011808,2039751,1852311,2005618,1878805,1780511,1966711,1781188,1984330,1782297,2013168,2075119,1857938,2151929,2027101,1980395,2136971,2095155,1921900,1987017,1852172,2002001,1784773,2077526,1920509,1950862,1826077,1780511,1966712,1781221,1985181,1804439,2131878,1962737,2134844,2039857,1855085,2077739,1926069,2095411,1928558,2160129,1783324,2039857,1855085,2077750,1926341,2102505,2112987,1928553,2159995,1779831,1949050,1778984,1927009,2119868,2107457,1784773,2077538,1920825,1959079,2039720,1851505,1984653,1790691,1774423,1808441,1778947,1926048,2094885,1914877,1804439,2131865,1962399,2126056,1811369,1855086,2077757,1926535,2107540,1786929,2133589,2007231,1920747,1957052,1987017,1852172,2002001,1784773,2077534,1920717,1956283,1967023,1789297,2195150,1779909,1951060,1831225,1914349,1790691,1774418,1808301,1775310,1831493,1921322,1971989,1918422,1896607,1786379,2119285,2092299,1847632,1883953,1914354,1790821,1777813,1896563,1785231,2089448,1773505,1784568,2072199,1782025,2006079,1890794,2092217,1845516,1828944,1855041,2076600,1896433,1781851,2001561,1773323,1779836,1949173,1782171,2009881,1989643,1920450,1949327,1786167,2113778,1949117,1780719,1972119,1921802,1984479,1786167,2113778,1949117,1780719,1972119,1921802,1984484,1786297,2117164,2037145,1784561,2072028,1777561,1890016,2072003,1776931,1873649,2103439,2137284,2103306,2133833,2013576,2085732,2133885,2014934,2121033,2137759,2115642,1997573,2126618,1825988,1778185,1906242]', '[1782077,1782077,1782077,1782077,1785440,1785440,1785440,1785440,1804439,1804439,1804439,1804439,1804439,1804439,1804439,1921325,1921325,1920825,1920825,1920825,1852311,1852311,1852311,1780511,1780511,1780511,1780511,1773401,1773401,1773401,1773401,1773401,1780511,1780511,1780511,1781621,1781621,1857938,1857938,1857938,1980395,1926532,1926532,1784773,1784773,1784773,1784773,1784773,1804439,1804439,1804439,1804439,1855085,1855085,1855085,1855085,1855085,1926341,1926341,1783324,1783324,1783324,1783324,1783324,1855085,1855085,1926341,1926341,1779831,1779831,1778984,1778984,1778984,1778984,1778984,1784773,1784773,1784773,1784773,1774423,1774423,1774423,1774423,1774423,1778947,1778947,1804439,1804439,1804439,1804439,1922687,1922687,1922687,1922687,1920487,1920487,1811369,1811369,1811369,1811369,1811369,1779150,1779150,1775300,1775300,1775300,1775300,1775300,1804439,1804439,1804439,1789297,1789297,1779849,1779849,1779849,1774416,1774416,1773746,1773746,1773746,1773746,1773746,1777813,1773505,1773505,1773505,1773505,1773505,1782025,1782025,1782025,1828944,1828944,1828944,1828944,1781863,1781863,1781393,1781393,1781393,1781393,1781393,1786167,1786167,1780719,1780719,1780719,1780719,1780719,1786167,1786167,1780719,1780719,1780719,1780719,1780719,1786297,1786297,1784561,1784561,1777561,1777561,1777561,1776931,1776931,1776931,1776931,1776931,1873649,2013578,2013578,2013578,2013578,1785088,1785088,1785088,1785088,1785088,2014934,2014934,1997573,1997573,1825988,1778185]', '[1804439,1851494,1851494,1783320,1783320,1783320,1783320,1783320,1780511,1780511,1780511,1780511,1780511,1781188,1781188,1782245,1782245,1852311,1780511,1780511,1780511,1780511,1780511,1781188,1781188,1782297,1782297,1857938,1857938,1857938,1980395,1921900,1921900,1852172,1852172,1784773,1784773,1784773,1784773,1784773,1780511,1780511,1780511,1780511,1780511,1781221,1781221,1804439,1804439,1855085,1855085,1855085,1855085,1855085,1926069,1783324,1783324,1783324,1783324,1783324,1855085,1855085,1926341,1926341,1779831,1779831,1778984,1778984,1778984,1778984,1778984,1784773,1784773,1784773,1784773,1851505,1851505,1790691,1774423,1774423,1774423,1774423,1774423,1778947,1778947,1804439,1804439,1804439,1804439,1811369,1811369,1811369,1811369,1786929,1786929,1786929,1786929,1786929,1920747,1852172,1852172,1784773,1784773,1784773,1784773,1784773,1789297,1789297,1779909,1779909,1779909,1779909,1779909,1774418,1774418,1774418,1774418,1774418,1775310,1775310,1831493,1786379,1786379,1786379,1786379,1786379,1847632,1790821,1777813,1777813,1777813,1777813,1773505,1773505,1773505,1773505,1773505,1782025,1782025,1782025,1828944,1828944,1828944,1828944,1781851,1781851,1773323,1773323,1773323,1773323,1773323,1779836,1782171,1782171,1786167,1786167,1786167,1780719,1780719,1780719,1780719,1780719,1786167,1786167,1780719,1780719,1780719,1780719,1780719,1786297,1786297,1784561,1784561,1777561,1777561,1777561,1776931,1776931,1776931,1776931,1776931,1873649,2013576,2013576,2013576,2013576,2013576,2014934,2014934,1997573,1997573,1825988,1778185]', '0.97453810313135', '8'),
(20, 'PL227', '\"bahasa program bahasa programmer tulis instruksi komputer\"', '\"bahasa program perangkat atur instruksi tentu tulis program komputer\"', '[\"baha\",\"ahas\",\"hasa\",\"asap\",\"sapr\",\"apro\",\"prog\",\"rogr\",\"ogra\",\"gram\",\"ramb\",\"amba\",\"mbah\",\"baha\",\"ahas\",\"hasa\",\"asap\",\"sapr\",\"apro\",\"prog\",\"rogr\",\"ogra\",\"gram\",\"ramm\",\"amme\",\"mmer\",\"mert\",\"ertu\",\"rtul\",\"tuli\",\"ulis\",\"lisi\",\"isin\",\"sins\",\"inst\",\"nstr\",\"stru\",\"truk\",\"ruks\",\"uksi\",\"ksik\",\"siko\",\"ikom\",\"komp\",\"ompu\",\"mput\",\"pute\",\"uter\"]', '[\"baha\",\"ahas\",\"hasa\",\"asap\",\"sapr\",\"apro\",\"prog\",\"rogr\",\"ogra\",\"gram\",\"ramp\",\"ampe\",\"mper\",\"pera\",\"eran\",\"rang\",\"angk\",\"ngka\",\"gkat\",\"kata\",\"atat\",\"tatu\",\"atur\",\"turi\",\"urin\",\"rins\",\"inst\",\"nstr\",\"stru\",\"truk\",\"ruks\",\"uksi\",\"ksit\",\"site\",\"iten\",\"tent\",\"entu\",\"ntut\",\"tutu\",\"utul\",\"tuli\",\"ulis\",\"lisp\",\"ispr\",\"spro\",\"prog\",\"rogr\",\"ogra\",\"gram\",\"ramk\",\"amko\",\"mkom\",\"komp\",\"ompu\",\"mput\",\"pute\",\"uter\"]', '[68874,68373,72941,68659,80374,68598,78787,80053,77828,72689,79695,68504,76329,68874,68373,72941,68659,80374,68598,78787,80053,77828,72689,79695,68515,76619,76424,71356,80197,81566,82005,75853,74075,80580,73955,77466,80870,81497,80213,81989,75427,80577,73873,75327,77982,76713]', '[68874,68373,72941,68659,80374,68598,78787,80053,77828,72689,79695,68518,76697,78452,71337,79696,68535,77145,72507,74970,68685,81054,68705,81572,82161,79904,73955,77466,80870,81497,80213,81989,75427,80586,74097,81152,71252,77493,81574,82225,81566,82005,75853,74082,80766,78787,80053,77828,72689,79695,68513,76577,75327,77982,76713]', '[68373,68373,68659,68598,68598,68598,77828,72689,72689,68504,68504,68504,68373,68373,68373,68659,68598,68598,68598,77828,72689,72689,68515,68515,68515,71356,71356,71356,80197,75853,74075,74075,73955,73955,73955,77466,80213,80213,75427,75427,73873,73873,73873]', '[68373,68373,68659,68598,68598,68598,77828,72689,72689,68518,68518,68518,71337,71337,68535,68535,68535,72507,68685,68685,68685,68705,68705,79904,73955,73955,73955,77466,80213,80213,75427,75427,74097,74097,71252,71252,71252,77493,81566,81566,75853,74082,74082,74082,78787,77828,72689,72689,68513,68513,68513,75327]', '0.90735383005432', '4'),
(27, 'BINDO810', '\"alam revolusi buku tarik buku peristiwa peristiwa tari tarik baca isi buku milik cerita unik tarik layak baca bahasa buku segi bahasa arang sederhana mikat kalimat susun paragraf sederhana paham\"', '\"buku tema alam alam revolusi tarik buku perisiwa peristiwa kait tarik baca isi buku cerita unik tarik layak baca segi bahasa arang sederhana mikat kalimat kalimat paragraf susun runtut mudah paham\"', '[\"alam\",\"lamr\",\"amre\",\"mrev\",\"revo\",\"evol\",\"volu\",\"olus\",\"lusi\",\"usib\",\"sibu\",\"ibuk\",\"buku\",\"ukut\",\"kuta\",\"utar\",\"tari\",\"arik\",\"rikb\",\"ikbu\",\"kbuk\",\"buku\",\"ukup\",\"kupe\",\"uper\",\"peri\",\"eris\",\"rist\",\"isti\",\"stiw\",\"tiwa\",\"iwap\",\"wape\",\"aper\",\"peri\",\"eris\",\"rist\",\"isti\",\"stiw\",\"tiwa\",\"iwat\",\"wata\",\"atar\",\"tari\",\"arit\",\"rita\",\"itar\",\"tari\",\"arik\",\"rikb\",\"ikba\",\"kbac\",\"baca\",\"acai\",\"cais\",\"aisi\",\"isib\",\"sibu\",\"ibuk\",\"buku\",\"ukum\",\"kumi\",\"umil\",\"mili\",\"ilik\",\"likc\",\"ikce\",\"kcer\",\"ceri\",\"erit\",\"rita\",\"itau\",\"taun\",\"auni\",\"unik\",\"nikt\",\"ikta\",\"ktar\",\"tari\",\"arik\",\"rikl\",\"ikla\",\"klay\",\"laya\",\"ayak\",\"yakb\",\"akba\",\"kbac\",\"baca\",\"acab\",\"caba\",\"abah\",\"baha\",\"ahas\",\"hasa\",\"asab\",\"sabu\",\"abuk\",\"buku\",\"ukus\",\"kuse\",\"useg\",\"segi\",\"egib\",\"giba\",\"ibah\",\"baha\",\"ahas\",\"hasa\",\"asaa\",\"saar\",\"aara\",\"aran\",\"rang\",\"angs\",\"ngse\",\"gsed\",\"sede\",\"eder\",\"derh\",\"erha\",\"rhan\",\"hana\",\"anam\",\"nami\",\"amik\",\"mika\",\"ikat\",\"katk\",\"atka\",\"tkal\",\"kali\",\"alim\",\"lima\",\"imat\",\"mats\",\"atsu\",\"tsus\",\"susu\",\"usun\",\"sunp\",\"unpa\",\"npar\",\"para\",\"arag\",\"ragr\",\"agra\",\"graf\",\"rafs\",\"afse\",\"fsed\",\"sede\",\"eder\",\"derh\",\"erha\",\"rhan\",\"hana\",\"anap\",\"napa\",\"apah\",\"paha\",\"aham\"]', '[\"buku\",\"ukut\",\"kute\",\"utem\",\"tema\",\"emaa\",\"maal\",\"aala\",\"alam\",\"lama\",\"amal\",\"mala\",\"alam\",\"lamr\",\"amre\",\"mrev\",\"revo\",\"evol\",\"volu\",\"olus\",\"lusi\",\"usit\",\"sita\",\"itar\",\"tari\",\"arik\",\"rikb\",\"ikbu\",\"kbuk\",\"buku\",\"ukup\",\"kupe\",\"uper\",\"peri\",\"eris\",\"risi\",\"isiw\",\"siwa\",\"iwap\",\"wape\",\"aper\",\"peri\",\"eris\",\"rist\",\"isti\",\"stiw\",\"tiwa\",\"iwak\",\"waka\",\"akai\",\"kait\",\"aitt\",\"itta\",\"ttar\",\"tari\",\"arik\",\"rikb\",\"ikba\",\"kbac\",\"baca\",\"acai\",\"cais\",\"aisi\",\"isib\",\"sibu\",\"ibuk\",\"buku\",\"ukuc\",\"kuce\",\"ucer\",\"ceri\",\"erit\",\"rita\",\"itau\",\"taun\",\"auni\",\"unik\",\"nikt\",\"ikta\",\"ktar\",\"tari\",\"arik\",\"rikl\",\"ikla\",\"klay\",\"laya\",\"ayak\",\"yakb\",\"akba\",\"kbac\",\"baca\",\"acas\",\"case\",\"aseg\",\"segi\",\"egib\",\"giba\",\"ibah\",\"baha\",\"ahas\",\"hasa\",\"asaa\",\"saar\",\"aara\",\"aran\",\"rang\",\"angs\",\"ngse\",\"gsed\",\"sede\",\"eder\",\"derh\",\"erha\",\"rhan\",\"hana\",\"anam\",\"nami\",\"amik\",\"mika\",\"ikat\",\"katk\",\"atka\",\"tkal\",\"kali\",\"alim\",\"lima\",\"imat\",\"matk\",\"atka\",\"tkal\",\"kali\",\"alim\",\"lima\",\"imat\",\"matp\",\"atpa\",\"tpar\",\"para\",\"arag\",\"ragr\",\"agra\",\"graf\",\"rafs\",\"afsu\",\"fsus\",\"susu\",\"usun\",\"sunr\",\"unru\",\"nrun\",\"runt\",\"untu\",\"ntut\",\"tutm\",\"utmu\",\"tmud\",\"muda\",\"udah\",\"dahp\",\"ahpa\",\"hpah\",\"paha\",\"aham\"]', '[68477,75639,68520,76749,79808,71455,82762,77961,76165,82187,80568,73645,69397,81991,75490,82205,81052,68641,79901,73860,74997,69397,81991,75486,82105,78452,71345,79909,74086,80861,81265,74171,83078,68585,78452,71345,79909,74086,80861,81265,74171,83082,68685,81052,68641,79910,74093,81052,68641,79901,73860,74977,68869,68243,69551,68417,74075,80568,73645,69397,81991,75483,82031,76522,73893,75845,73861,75007,69664,71345,79910,74093,81055,68724,82057,77197,73878,75445,81052,68641,79901,73870,75237,75651,68815,84425,68452,74977,68869,68243,69544,68217,68874,68373,72941,68659,80360,68237,69397,81991,75489,82183,80469,71059,72456,73625,68874,68373,72941,68659,80359,68208,68633,79696,68535,77153,72719,80466,70977,70340,71344,79865,72936,68529,76991,68511,76521,73859,74970,68695,81295,74962,68485,75847,73911,76322,68703,81523,80897,82199,80892,82064,77369,78348,68633,79689,68364,72689,79688,68339,72043,80466,70977,70340,71344,79865,72936,68529,76994,68581]', '[69397,81991,75490,82209,81151,71207,76303,68202,68477,75639,68503,76314,68477,75639,68520,76749,79808,71455,82762,77961,76165,82187,80586,74093,81052,68641,79901,73860,74997,69397,81991,75486,82105,78452,71345,79909,74075,80589,74171,83078,68585,78452,71345,79909,74086,80861,81265,74171,83073,68451,74959,68418,74112,81529,81052,68641,79901,73860,74977,68869,68243,69551,68417,74075,80568,73645,69397,81991,75473,81767,69664,71345,79910,74093,81055,68724,82057,77197,73878,75445,81052,68641,79901,73870,75237,75651,68815,84425,68452,74977,68869,68243,69561,68663,80469,71059,72456,73625,68874,68373,72941,68659,80359,68208,68633,79696,68535,77153,72719,80466,70977,70340,71344,79865,72936,68529,76991,68511,76521,73859,74970,68695,81295,74962,68485,75847,73911,76322,68695,81295,74962,68485,75847,73911,76322,68700,81425,78348,68633,79689,68364,72689,79688,68339,72059,80897,82199,80892,82066,77441,80216,82068,77493,81574,82217,81367,76826,81789,70226,68388,73313]', '[68477,68520,68520,71455,71455,71455,76165,76165,76165,73645,69397,69397,69397,75490,75490,68641,68641,68641,73860,69397,69397,69397,75486,75486,71345,71345,71345,74086,74086,74171,74171,68585,68585,68585,71345,71345,74086,74086,74171,74171,68685,68685,68641,68641,68641,74093,68641,68641,68641,73860,68869,68243,68243,68243,68417,68417,73645,69397,69397,69397,75483,75483,73893,73893,73861,73861,69664,69664,69664,71345,74093,68724,68724,68724,73878,73878,73878,68641,68641,68641,73870,73870,68815,68815,68452,68452,68452,68243,68243,68217,68217,68217,68373,68373,68659,68237,68237,68237,69397,75489,75489,71059,71059,71059,68874,68373,68373,68373,68659,68208,68208,68208,68535,68535,68535,72719,70977,70340,70340,70340,71344,68529,68529,68511,68511,68511,73859,68695,68695,68695,68485,68485,68485,73911,68703,68703,68703,80897,80892,80892,77369,77369,68633,68633,68364,68364,68364,68339,68339,68339,70977,70340,70340,70340,71344,68529,68529]', '[69397,75490,75490,71207,71207,68202,68202,68202,68477,68503,68477,68477,68477,68520,68520,71455,71455,71455,76165,76165,76165,74093,74093,68641,68641,68641,73860,69397,69397,69397,75486,75486,71345,71345,71345,74075,74075,74171,68585,68585,68585,71345,71345,74086,74086,74171,74171,68451,68451,68418,68418,68418,74112,68641,68641,68641,73860,68869,68243,68243,68243,68417,68417,73645,69397,69397,69397,75473,69664,69664,69664,71345,74093,68724,68724,68724,73878,73878,73878,68641,68641,68641,73870,73870,68815,68815,68452,68452,68452,68243,68243,68243,68663,68663,71059,71059,68874,68373,68373,68373,68659,68208,68208,68208,68535,68535,68535,72719,70977,70340,70340,70340,71344,68529,68529,68511,68511,68511,73859,68695,68695,68695,68485,68485,68485,73911,68695,68695,68695,68485,68485,68485,73911,68700,68700,68700,68633,68633,68364,68364,68364,68339,68339,68339,72059,80892,80892,77441,77441,77441,77493,77493,77493,81367,76826,76826,70226,68388]', '0.99488937478003', '8'),
(28, 'PL228', '\"bahasa mengerti komputer\"', '\"bahasa program perangkat atur instruksi tentu tulis program komputer\"', '[\"baha\",\"ahas\",\"hasa\",\"asam\",\"same\",\"amen\",\"meng\",\"enge\",\"nger\",\"gert\",\"erti\",\"rtik\",\"tiko\",\"ikom\",\"komp\",\"ompu\",\"mput\",\"pute\",\"uter\"]', '[\"baha\",\"ahas\",\"hasa\",\"asap\",\"sapr\",\"apro\",\"prog\",\"rogr\",\"ogra\",\"gram\",\"ramp\",\"ampe\",\"mper\",\"pera\",\"eran\",\"rang\",\"angk\",\"ngka\",\"gkat\",\"kata\",\"atat\",\"tatu\",\"atur\",\"turi\",\"urin\",\"rins\",\"inst\",\"nstr\",\"stru\",\"truk\",\"ruks\",\"uksi\",\"ksit\",\"site\",\"iten\",\"tent\",\"entu\",\"ntut\",\"tutu\",\"utul\",\"tuli\",\"ulis\",\"lisp\",\"ispr\",\"spro\",\"prog\",\"rogr\",\"ogra\",\"gram\",\"ramk\",\"amko\",\"mkom\",\"komp\",\"ompu\",\"mput\",\"pute\",\"uter\"]', '[68874,68373,72941,68659,80371,68507,76420,71239,77139,72368,71356,80185,81253,73873,75327,77982,76713]', '[68874,68373,72941,68659,80374,68598,78787,80053,77828,72689,79695,68518,76697,78452,71337,79696,68535,77145,72507,74970,68685,81054,68705,81572,82161,79904,73955,77466,80870,81497,80213,81989,75427,80586,74097,81152,71252,77493,81574,82225,81566,82005,75853,74082,80766,78787,80053,77828,72689,79695,68513,76577,75327,77982,76713]', '[68373,68373,68659,68507,68507,68507,71239,71239,71356,71356,71356,73873,73873,73873]', '[68373,68373,68659,68598,68598,68598,77828,72689,72689,68518,68518,68518,71337,71337,68535,68535,68535,72507,68685,68685,68685,68705,68705,79904,73955,73955,73955,77466,80213,80213,75427,75427,74097,74097,71252,71252,71252,77493,81566,81566,75853,74082,74082,74082,78787,77828,72689,72689,68513,68513,68513,75327]', '0.50044022594282', '2'),
(29, 'BINDO85', '\"organisasi buku buku milik alam alam revolusi tarik buku peristiwa peristiwa kait tarik baca isi buku unik cerita jadi buku layak baca bahasa arang sederhana mikat kalimat kalimat paragraf susun rupa runtut mudah paham\"', '\"buku tema alam alam revolusi tarik buku perisiwa peristiwa kait tarik baca isi buku cerita unik tarik layak baca segi bahasa arang sederhana mikat kalimat kalimat paragraf susun runtut mudah paham\"', '[\"orga\",\"rgan\",\"gani\",\"anis\",\"nisa\",\"isas\",\"sasi\",\"asib\",\"sibu\",\"ibuk\",\"buku\",\"ukub\",\"kubu\",\"ubuk\",\"buku\",\"ukum\",\"kumi\",\"umil\",\"mili\",\"ilik\",\"lika\",\"ikal\",\"kala\",\"alam\",\"lama\",\"amal\",\"mala\",\"alam\",\"lamr\",\"amre\",\"mrev\",\"revo\",\"evol\",\"volu\",\"olus\",\"lusi\",\"usit\",\"sita\",\"itar\",\"tari\",\"arik\",\"rikb\",\"ikbu\",\"kbuk\",\"buku\",\"ukup\",\"kupe\",\"uper\",\"peri\",\"eris\",\"rist\",\"isti\",\"stiw\",\"tiwa\",\"iwap\",\"wape\",\"aper\",\"peri\",\"eris\",\"rist\",\"isti\",\"stiw\",\"tiwa\",\"iwak\",\"waka\",\"akai\",\"kait\",\"aitt\",\"itta\",\"ttar\",\"tari\",\"arik\",\"rikb\",\"ikba\",\"kbac\",\"baca\",\"acai\",\"cais\",\"aisi\",\"isib\",\"sibu\",\"ibuk\",\"buku\",\"ukuu\",\"kuun\",\"uuni\",\"unik\",\"nikc\",\"ikce\",\"kcer\",\"ceri\",\"erit\",\"rita\",\"itaj\",\"taja\",\"ajad\",\"jadi\",\"adib\",\"dibu\",\"ibuk\",\"buku\",\"ukul\",\"kula\",\"ulay\",\"laya\",\"ayak\",\"yakb\",\"akba\",\"kbac\",\"baca\",\"acab\",\"caba\",\"abah\",\"baha\",\"ahas\",\"hasa\",\"asaa\",\"saar\",\"aara\",\"aran\",\"rang\",\"angs\",\"ngse\",\"gsed\",\"sede\",\"eder\",\"derh\",\"erha\",\"rhan\",\"hana\",\"anam\",\"nami\",\"amik\",\"mika\",\"ikat\",\"katk\",\"atka\",\"tkal\",\"kali\",\"alim\",\"lima\",\"imat\",\"matk\",\"atka\",\"tkal\",\"kali\",\"alim\",\"lima\",\"imat\",\"matp\",\"atpa\",\"tpar\",\"para\",\"arag\",\"ragr\",\"agra\",\"graf\",\"rafs\",\"afsu\",\"fsus\",\"susu\",\"usun\",\"sunr\",\"unru\",\"nrup\",\"rupa\",\"upar\",\"paru\",\"arun\",\"runt\",\"untu\",\"ntut\",\"tuts\",\"utse\",\"tsed\",\"sede\",\"eder\",\"derh\",\"erha\",\"rhan\",\"hana\",\"anap\",\"napa\",\"apah\",\"paha\",\"aham\"]', '[\"buku\",\"ukut\",\"kute\",\"utem\",\"tema\",\"emaa\",\"maal\",\"aala\",\"alam\",\"lama\",\"amal\",\"mala\",\"alam\",\"lamr\",\"amre\",\"mrev\",\"revo\",\"evol\",\"volu\",\"olus\",\"lusi\",\"usit\",\"sita\",\"itar\",\"tari\",\"arik\",\"rikb\",\"ikbu\",\"kbuk\",\"buku\",\"ukup\",\"kupe\",\"uper\",\"peri\",\"eris\",\"risi\",\"isiw\",\"siwa\",\"iwap\",\"wape\",\"aper\",\"peri\",\"eris\",\"rist\",\"isti\",\"stiw\",\"tiwa\",\"iwak\",\"waka\",\"akai\",\"kait\",\"aitt\",\"itta\",\"ttar\",\"tari\",\"arik\",\"rikb\",\"ikba\",\"kbac\",\"baca\",\"acai\",\"cais\",\"aisi\",\"isib\",\"sibu\",\"ibuk\",\"buku\",\"ukuc\",\"kuce\",\"ucer\",\"ceri\",\"erit\",\"rita\",\"itau\",\"taun\",\"auni\",\"unik\",\"nikt\",\"ikta\",\"ktar\",\"tari\",\"arik\",\"rikl\",\"ikla\",\"klay\",\"laya\",\"ayak\",\"yakb\",\"akba\",\"kbac\",\"baca\",\"acas\",\"case\",\"aseg\",\"segi\",\"egib\",\"giba\",\"ibah\",\"baha\",\"ahas\",\"hasa\",\"asaa\",\"saar\",\"aara\",\"aran\",\"rang\",\"angs\",\"ngse\",\"gsed\",\"sede\",\"eder\",\"derh\",\"erha\",\"rhan\",\"hana\",\"anam\",\"nami\",\"amik\",\"mika\",\"ikat\",\"katk\",\"atka\",\"tkal\",\"kali\",\"alim\",\"lima\",\"imat\",\"matk\",\"atka\",\"tkal\",\"kali\",\"alim\",\"lima\",\"imat\",\"matp\",\"atpa\",\"tpar\",\"para\",\"arag\",\"ragr\",\"agra\",\"graf\",\"rafs\",\"afsu\",\"fsus\",\"susu\",\"usun\",\"sunr\",\"unru\",\"nrun\",\"runt\",\"untu\",\"ntut\",\"tutm\",\"utmu\",\"tmud\",\"muda\",\"udah\",\"dahp\",\"ahpa\",\"hpah\",\"paha\",\"aham\"]', '[372806858,403327462,270115820,204686682,357023740,301882153,412779790,206960582,416145152,294459985,219803422,441143206,326577856,437036508,219803696,441150331,326763094,441852694,345024524,298818323,333120190,298221416,317600608,203628059,329499534,204084360,341363377,203628494,329510865,204378968,349023179,402783362,255969238,454707092,370323115,338750126,444599757,416448170,302338462,424643805,206509206,404409366,298245344,318222751,219803770,441152261,326813274,443157382,378946431,254040574,404561842,302209700,421296007,428382218,303707941,460250266,205529862,378946431,254040574,404561842,302209700,421296002,428382084,303704448,460159459,203168881,317560906,202595813,302661146,433033598,424643805,206509186,404408838,298231596,317865296,210509954,199513036,222508937,202570830,302011590,416145152,294460004,219803909,441155866,326907006,445594398,442308832,356884129,298252274,318402935,224488550,254040757,404566578,302332839,424497614,202708221,305583766,200105942,237924512,294459995,219803662,441149460,326740440,441263690,329710421,209567410,483922662,203180588,317865289,210509754,199507835,222373710,199054926,210598076,201804200,282079217,206819210,412469473,198892336,206370754,400809608,204651619,356112098,278179477,414341753,247571610,236368769,254010666,403784224,281991640,204542218,353267668,204224299,345001784,298227072,317747675,207451798,428916760,317606016,203768675,333155560,299141024,341510427,207451798,428916760,317606016,203768675,333155565,299141154,341513813,207539826,431205482,377112805,206366290,400693545,201633996,277653916,400677178,201208456,266589869,421927731,444807058,421838003,442474110,361181357,409980214,443087385,377126509,206722614,409957983,442509384,362098468,433825083,445222418,432637365,414341753,247571610,236368769,254010666,403784227,281991710]', '[219803874,441154960,326883440,444981680,426378171,251602702,341177160,198786848,203628059,329499534,204084360,341363377,203628494,329510865,204378968,349023179,402783362,255969238,454707092,370323115,338750126,444599757,416448170,302338462,424643805,206509206,404409366,298245344,318222751,219803770,441152261,326813274,443157382,378946420,254040302,404554748,302025271,416500842,303707941,460250266,205529862,378946431,254040574,404561842,302209700,421296002,428382084,303704448,460159459,203168881,317560906,202595813,302661146,433033598,424643805,206509186,404408838,298231596,317865296,210509954,199513036,222508937,202570830,302011590,416145152,294459986,219803432,441143473,326584786,437216695,224488550,254040768,404566877,302340618,424699870,207966895,442309270,356895517,298548362,326101214,424643815,206509446,404415620,298407928,322449930,329710421,209567410,483922662,203180588,317865306,210510200,199519430,222675188,206893337,414396762,249001851,273555022,294105934,210598076,201804200,282079217,206819210,412469473,198892336,206370754,400809608,204651619,356112098,278179477,414341753,247571610,236368769,254010666,403784224,281991640,204542218,353267668,204224299,345001784,298227072,317747675,207451798,428916760,317606016,203768675,333155560,299141024,341510427,207451798,428916760,317606016,203768675,333155565,299141154,341513813,207539826,431205482,377112805,206366290,400693545,201633996,277653916,400677178,201208456,266589869,421927731,444807058,421838001,442474077,361180502,409957983,442509378,362098328,433821443,445127774,430176611,350362157,437596770]', '[204686682,204686682,204686682,204686682,206960582,206960582,206960582,206960582,219803422,219803422,219803422,219803696,219803696,219803696,219803696,326763094,298818323,298818323,298221416,298221416,203628059,203628059,203628059,203628059,203628494,203628494,203628494,203628494,204378968,204378968,255969238,255969238,255969238,338750126,338750126,302338462,302338462,206509206,206509206,206509206,206509206,219803770,219803770,219803770,219803770,326813274,254040574,254040574,254040574,254040574,302209700,302209700,303707941,205529862,205529862,205529862,205529862,254040574,254040574,302209700,302209700,303704448,203168881,203168881,202595813,202595813,202595813,202595813,206509186,206509186,206509186,206509186,210509954,199513036,199513036,199513036,199513036,202570830,202570830,219803909,219803909,219803909,219803909,326907006,326907006,298252274,298252274,224488550,224488550,224488550,224488550,254040757,202708221,202708221,200105942,200105942,200105942,200105942,219803662,219803662,219803662,326740440,209567410,209567410,203180588,203180588,203180588,199507835,199507835,199054926,199054926,199054926,199054926,201804200,201804200,198892336,198892336,198892336,198892336,204651619,204651619,204651619,247571610,236368769,236368769,236368769,236368769,204542218,204542218,204224299,204224299,204224299,204224299,207451798,207451798,207451798,203768675,203768675,203768675,203768675,207451798,207451798,207451798,203768675,203768675,203768675,203768675,207539826,207539826,207539826,206366290,206366290,201633996,201633996,201633996,201208456,201208456,201208456,201208456,266589869,421838003,361181357,361181357,361181357,361181357,206722614,206722614,206722614,206722614,362098468,362098468,362098468,414341753,247571610,236368769,236368769,236368769]', '[219803874,326883440,251602702,251602702,198786848,198786848,198786848,198786848,203628059,203628494,203628494,203628494,203628494,204378968,204378968,255969238,255969238,255969238,338750126,338750126,302338462,302338462,206509206,206509206,206509206,206509206,219803770,219803770,219803770,219803770,326813274,254040302,254040302,254040302,254040302,302025271,302025271,205529862,205529862,205529862,205529862,254040574,254040574,302209700,302209700,303704448,203168881,203168881,202595813,202595813,202595813,202595813,206509186,206509186,206509186,206509186,210509954,199513036,199513036,199513036,199513036,202570830,202570830,219803432,219803432,219803432,219803432,224488550,224488550,224488550,224488550,254040768,207966895,207966895,207966895,207966895,298548362,298548362,206509446,206509446,206509446,206509446,298407928,209567410,209567410,203180588,203180588,203180588,199519430,199519430,199519430,199519430,206893337,206893337,249001851,210598076,201804200,201804200,201804200,201804200,198892336,198892336,198892336,198892336,204651619,204651619,204651619,247571610,236368769,236368769,236368769,236368769,204542218,204542218,204224299,204224299,204224299,204224299,207451798,207451798,207451798,203768675,203768675,203768675,203768675,207451798,207451798,207451798,203768675,203768675,203768675,203768675,207539826,207539826,207539826,206366290,206366290,201633996,201633996,201633996,201208456,201208456,201208456,201208456,266589869,421838001,361180502,361180502,361180502,361180502,362098328,362098328,362098328,350362157]', '0.86930717725653', '7');
INSERT INTO `hasil_algoritma` (`id_hasil`, `kd_jawaban`, `pre_processing_jawaban`, `pre_processing_kj`, `tokenisasi_jawaban`, `tokenisasi_kj`, `hashing_jawaban`, `hashing_kj`, `winnowing_jawaban`, `winnowing_kj`, `similarity`, `skor`) VALUES
(30, 'PL225', '\"bahasa program bahasa isi perangkat instruksi komputer pecah masalah bahasa program sarana komunikasi manusia komputer\"', '\"bahasa program perangkat atur instruksi tentu tulis program komputer\"', '[\"baha\",\"ahas\",\"hasa\",\"asap\",\"sapr\",\"apro\",\"prog\",\"rogr\",\"ogra\",\"gram\",\"ramb\",\"amba\",\"mbah\",\"baha\",\"ahas\",\"hasa\",\"asai\",\"sais\",\"aisi\",\"isip\",\"sipe\",\"iper\",\"pera\",\"eran\",\"rang\",\"angk\",\"ngka\",\"gkat\",\"kati\",\"atin\",\"tins\",\"inst\",\"nstr\",\"stru\",\"truk\",\"ruks\",\"uksi\",\"ksik\",\"siko\",\"ikom\",\"komp\",\"ompu\",\"mput\",\"pute\",\"uter\",\"terp\",\"erpe\",\"rpec\",\"peca\",\"ecah\",\"cahm\",\"ahma\",\"hmas\",\"masa\",\"asal\",\"sala\",\"alah\",\"lahb\",\"ahba\",\"hbah\",\"baha\",\"ahas\",\"hasa\",\"asap\",\"sapr\",\"apro\",\"prog\",\"rogr\",\"ogra\",\"gram\",\"rams\",\"amsa\",\"msar\",\"sara\",\"aran\",\"rana\",\"anak\",\"nako\",\"akom\",\"komu\",\"omun\",\"muni\",\"unik\",\"nika\",\"ikas\",\"kasi\",\"asim\",\"sima\",\"iman\",\"manu\",\"anus\",\"nusi\",\"usia\",\"siak\",\"iako\",\"akom\",\"komp\",\"ompu\",\"mput\",\"pute\",\"uter\"]', '[\"baha\",\"ahas\",\"hasa\",\"asap\",\"sapr\",\"apro\",\"prog\",\"rogr\",\"ogra\",\"gram\",\"ramp\",\"ampe\",\"mper\",\"pera\",\"eran\",\"rang\",\"angk\",\"ngka\",\"gkat\",\"kata\",\"atat\",\"tatu\",\"atur\",\"turi\",\"urin\",\"rins\",\"inst\",\"nstr\",\"stru\",\"truk\",\"ruks\",\"uksi\",\"ksit\",\"site\",\"iten\",\"tent\",\"entu\",\"ntut\",\"tutu\",\"utul\",\"tuli\",\"ulis\",\"lisp\",\"ispr\",\"spro\",\"prog\",\"rogr\",\"ogra\",\"gram\",\"ramk\",\"amko\",\"mkom\",\"komp\",\"ompu\",\"mput\",\"pute\",\"uter\"]', '[68874,68373,72941,68659,80374,68598,78787,80053,77828,72689,79695,68504,76329,68874,68373,72941,68659,80367,68417,74075,80582,73993,78452,71337,79696,68535,77145,72507,74970,68693,81256,73955,77466,80870,81497,80213,81989,75427,80577,73873,75327,77982,76713,78870,82209,81156,71352,80077,78437,70947,69550,68385,73235,76321,68659,80370,68477,75634,68374,72949,68874,68373,72941,68659,80374,68598,78787,80053,77828,72689,79695,68521,76771,80376,68633,79696,68529,76989,68465,75327,77987,76836,82057,77197,73859,74969,68667,80579,73911,76316,68549,77517,82187,80567,73609,68465,75327,77982,76713]', '[68874,68373,72941,68659,80374,68598,78787,80053,77828,72689,79695,68518,76697,78452,71337,79696,68535,77145,72507,74970,68685,81054,68705,81572,82161,79904,73955,77466,80870,81497,80213,81989,75427,80586,74097,81152,71252,77493,81574,82225,81566,82005,75853,74082,80766,78787,80053,77828,72689,79695,68513,76577,75327,77982,76713]', '[68373,68373,68659,68598,68598,68598,77828,72689,72689,68504,68504,68504,68373,68373,68373,68659,68417,68417,68417,73993,73993,71337,71337,68535,68535,68535,72507,68693,68693,68693,73955,73955,77466,80213,80213,75427,75427,73873,73873,73873,75327,76713,76713,78870,71352,71352,71352,70947,69550,68385,68385,68385,68659,68659,68477,68477,68374,68374,68374,68373,68373,68373,68659,68598,68598,68598,77828,72689,72689,68521,68521,68521,68633,68633,68529,68529,68465,68465,68465,75327,76836,76836,73859,73859,68667,68667,68667,73911,68549,68549,68549,77517,73609,68465,68465,68465]', '[68373,68373,68659,68598,68598,68598,77828,72689,72689,68518,68518,68518,71337,71337,68535,68535,68535,72507,68685,68685,68685,68705,68705,79904,73955,73955,73955,77466,80213,80213,75427,75427,74097,74097,71252,71252,71252,77493,81566,81566,75853,74082,74082,74082,78787,77828,72689,72689,68513,68513,68513,75327]', '0.74120354877666', '3');

-- --------------------------------------------------------

--
-- Struktur dari tabel `jawaban_mahasiswa`
--

CREATE TABLE `jawaban_mahasiswa` (
  `id_jawaban` int(11) NOT NULL,
  `kd_jawaban` varchar(8) NOT NULL,
  `kd_soal` varchar(6) NOT NULL,
  `npm` int(8) NOT NULL,
  `nama_mahasiswa` varchar(50) NOT NULL,
  `jawaban` text NOT NULL
) ENGINE=InnoDB DEFAULT CHARSET=utf8mb4 COLLATE=utf8mb4_general_ci;

--
-- Dumping data untuk tabel `jawaban_mahasiswa`
--

INSERT INTO `jawaban_mahasiswa` (`id_jawaban`, `kd_jawaban`, `kd_soal`, `npm`, `nama_mahasiswa`, `jawaban`) VALUES
(25, 'BINDO83', 'BINDO8', 123, 'Jane Doe', 'Pengalaman selama revolusi buku ini sangat menarik. Dalam buku ini antara satu peristiwa dengan peristiwa lainnya mempunyai ketertarikan sehingga mampu menarik pembaca. Dari isinya buku ini memiliki cerita sangat unik dan menarik sehingga layak untuk di baca. Untuk bahasa dari buku ini dilihat dari segi bahasa yang digunakan pengarang sederhana tapi memikat. Kalimatnya pun disusun dalam paragraf sehingga mudah dipahami.'),
(29, 'BINDO82', 'BINDO8', 234, 'John Doe', 'Sebuah organisasi buku mengatakan bahwa buku tersebut memiliki pengalamaan - pengalaman selama revolusi ini sangat menarik. Dalam buku antara satu peristiwa dengan peristiwa yang lainnya terdapat keterkaitan sehingga mampu menarik pembaca. Isi dari buku inipun juga sangat unik karena ceritanya. Sehingga menjadikan buku ini layak untuk dibaca. Bahasa yang dibuat pengarang pun juga sederhana, akan tetapi memikat. Kalimat - kalimat dalam paragraf yang disusun sedemikian rupa dan runtut sehingga mudah dipahami.'),
(30, 'PL222', 'PL22', 123, 'Jane Doe', 'Bahasa pemrograman merupakan media penghubung bagi programmer atau pengembang website untuk berkomunikasi dengan komputer.'),
(32, 'PL220', 'PL22', 345, 'Janed', 'Bahasa yang berisikan instruksi yang dapat dimengerti oleh komputer'),
(34, 'PL227', 'PL22', 100001, 'Rio', '<p>Bahasa pemrograman adalah bahasa yang digunakan oleh programmer untuk menuliskan perintah kepada komputer.</p>'),
(41, 'BINDO810', 'BINDO8', 100001, 'Rio', '<p><span style=\"color: rgb(0, 0, 0); font-size: 12pt;\">Pengalaman selama revolusi buku ini sangat menarik. Dalam buku ini antara satu peristiwa dengan peristiwa lainnya mempunyai ketertarikan sehingga mampu menarik pembaca. Dari isinya buku ini memiliki cerita sangat unik dan menarik sehingga layak untuk di baca. Untuk bahasa dari buku ini dilihat dari segi bahasa yang digunakan pengarang sederhana tapi memikat. Kalimatnya pun disusun dalam paragraf sehingga mudah dipahami.</span></p>'),
(42, 'PL228', 'PL22', 100002, 'Ayu', '<p>Bahasa yang dapat dimengerti oleh komputer.</p>'),
(43, 'BINDO85', 'BINDO8', 100002, 'Ayu', '<p>Sebuah organisasi buku mengatakan bahwa buku tersebut memiliki pengalaman - pengalaman selama revolusi ini sangat menarik. Dalam buku antara satu peristiwa dengan peristiwa lainnya terdapat keterkaitan sehingga mampu menarik pembaca. Isi dari buku ini pun juga sangat unik karena ceritanya. Sehingga menjadikan buku ini layak untuk dibaca. Bahasa yang dibuat oleh pengarang pun juga sederhana, akan tetapi memikat. Kalimat - kalimat dalam paragraf juga disusun sedemikian rupa dan runtut sehingga mudah dipahami.</p>'),
(44, 'PL225', 'PL22', 100003, 'Yuka', '<p>Bahasa pemrograman adalah bahasa yang berisikan seperangkat instruksi kepada komputer untuk memecahkan suatu permasalahan. Bahasa pemrograman dibuat sebagai sarana komunikasi antara manusia dengan komputer.</p>');

-- --------------------------------------------------------

--
-- Struktur dari tabel `mahasiswa`
--

CREATE TABLE `mahasiswa` (
  `npm` varchar(8) NOT NULL,
  `nama_mahasiswa` varchar(50) NOT NULL,
  `kelas` varchar(30) NOT NULL,
  `program_studi` varchar(30) NOT NULL
) ENGINE=InnoDB DEFAULT CHARSET=utf8mb4 COLLATE=utf8mb4_general_ci;

--
-- Dumping data untuk tabel `mahasiswa`
--

INSERT INTO `mahasiswa` (`npm`, `nama_mahasiswa`, `kelas`, `program_studi`) VALUES
('100001', 'Rio', 'TI A', 'Teknik Informatika'),
('100002', 'Ayu', 'SI A', 'Sistem Informasi'),
('100003', 'Yuka', 'TI A', 'Teknik Informatika');

-- --------------------------------------------------------

--
-- Struktur dari tabel `mata_kuliah`
--

CREATE TABLE `mata_kuliah` (
  `kd_matkul` varchar(6) NOT NULL,
  `nama_matkul` varchar(50) NOT NULL
) ENGINE=InnoDB DEFAULT CHARSET=utf8mb4 COLLATE=utf8mb4_general_ci;

--
-- Dumping data untuk tabel `mata_kuliah`
--

INSERT INTO `mata_kuliah` (`kd_matkul`, `nama_matkul`) VALUES
('BINDO', 'Bahasa Indonesia'),
('DBMS', 'Database Management System'),
('PL', 'Programming Language'),
('WP', 'Web Programming');

-- --------------------------------------------------------

--
-- Struktur dari tabel `soal_esai`
--

CREATE TABLE `soal_esai` (
  `kd_soal` varchar(6) NOT NULL,
  `kd_matkul` varchar(6) NOT NULL,
  `soal` text NOT NULL,
  `skor` int(1) NOT NULL,
  `bobot` int(3) NOT NULL,
  `kunci_jawaban` text NOT NULL
) ENGINE=InnoDB DEFAULT CHARSET=utf8mb4 COLLATE=utf8mb4_general_ci;

--
-- Dumping data untuk tabel `soal_esai`
--

INSERT INTO `soal_esai` (`kd_soal`, `kd_matkul`, `soal`, `skor`, `bobot`, `kunci_jawaban`) VALUES
('BINDO8', 'BINDO', 'Tulislah sebuah paragraf yang berisi keunggulan karya dengan memperhatikan kelengkapan penggunaan bahasa dan ejaan yang tepat', 8, 30, 'Buku yang bertemakan pengalaman - pengalaman selama revolusi ini sangat menarik. Dalam buku ini antara satu perisiwa dengan peristiwa lainnya terdapat keterkaitan sehingga mampu menarik pembaca. Isi dari buku ini mempunyai cerita yang sangat unik, menarik sehingga layak untuk dibaca. Dilihat dari segi bahasa yang digunakan pengarang sederhana, akan tetapi memikat kalimat - kalimat dalam paragraf disusun secara runtut sehingga mudah dipahami.'),
('PL22', 'PL', 'Apa yang dimaksud dengan bahasa pemrograman?', 4, 30, 'Bahasa pemrograman adalah seperangkat aturan dan instruksi yang digunakan untuk menentukan cara menulis program komputer'),
('PL32', 'PL', 'Apa perbedaan antara bahasa pemrograman tingkat rendah dan tingkat tinggi?', 6, 20, 'Bahasa pemrograman tingkat rendah berorientasi pada bahasa mesin atau bahasa biner yang dapat dimengerti oleh komputer dan lebih sulit dipahami oleh manusia.\r\nBahasa pemrograman tingkat tinggi berorientasi pada bahasa manusia sehingga lebih mudah dipahami oleh manusia yang memiliki fitur dan abstraksi sehingga memungkinkan untuk mengekspresikan algoritma dengan mudah. ');

--
-- Indexes for dumped tables
--

--
-- Indeks untuk tabel `hasil_algoritma`
--
ALTER TABLE `hasil_algoritma`
  ADD PRIMARY KEY (`id_hasil`),
  ADD KEY `kd_jawaban` (`kd_jawaban`);

--
-- Indeks untuk tabel `jawaban_mahasiswa`
--
ALTER TABLE `jawaban_mahasiswa`
  ADD PRIMARY KEY (`id_jawaban`);

--
-- Indeks untuk tabel `mahasiswa`
--
ALTER TABLE `mahasiswa`
  ADD PRIMARY KEY (`npm`);

--
-- Indeks untuk tabel `mata_kuliah`
--
ALTER TABLE `mata_kuliah`
  ADD PRIMARY KEY (`kd_matkul`);

--
-- Indeks untuk tabel `soal_esai`
--
ALTER TABLE `soal_esai`
  ADD PRIMARY KEY (`kd_soal`),
  ADD KEY `kd_matkul` (`kd_matkul`);

--
-- AUTO_INCREMENT untuk tabel yang dibuang
--

--
-- AUTO_INCREMENT untuk tabel `hasil_algoritma`
--
ALTER TABLE `hasil_algoritma`
  MODIFY `id_hasil` int(11) NOT NULL AUTO_INCREMENT, AUTO_INCREMENT=31;

--
-- AUTO_INCREMENT untuk tabel `jawaban_mahasiswa`
--
ALTER TABLE `jawaban_mahasiswa`
  MODIFY `id_jawaban` int(11) NOT NULL AUTO_INCREMENT, AUTO_INCREMENT=45;
COMMIT;

/*!40101 SET CHARACTER_SET_CLIENT=@OLD_CHARACTER_SET_CLIENT */;
/*!40101 SET CHARACTER_SET_RESULTS=@OLD_CHARACTER_SET_RESULTS */;
/*!40101 SET COLLATION_CONNECTION=@OLD_COLLATION_CONNECTION */;
